[
    {
        "id": "a710ccbb7ffbf644",
        "type": "tab",
        "label": "Flow 3",
        "disabled": false,
        "info": "",
        "env": []
    },
    {
        "id": "d2d4f6a6bea7b252",
        "type": "mqtt in",
        "z": "a710ccbb7ffbf644",
        "name": "mqtt_iut",
        "topic": "Student/by-room/#",
        "qos": "2",
        "datatype": "auto-detect",
        "broker": "484a32c969c38a95",
        "nl": false,
        "rap": true,
        "rh": 0,
        "inputs": 0,
        "x": 70,
        "y": 1080,
        "wires": [
            [
                "9f7fa9b2a57e4254"
            ]
        ]
    },
    {
        "id": "9f7fa9b2a57e4254",
        "type": "switch",
        "z": "a710ccbb7ffbf644",
        "name": "",
        "property": "topic",
        "propertyType": "msg",
        "rules": [
            {
                "t": "eq",
                "v": "Student/by-room/E105/data",
                "vt": "str"
            },
            {
                "t": "eq",
                "v": "Student/by-room/B109/data",
                "vt": "str"
            }
        ],
        "checkall": "true",
        "repair": false,
        "outputs": 2,
        "x": 230,
        "y": 1080,
        "wires": [
            [
                "398b58013c5cf14c",
                "9547b00839c0c5b5",
                "5cacc18029beb5b5"
            ],
            [
                "1ebeaddced1ad527",
                "4394290473984676",
                "ec0657cad61fa316"
            ]
        ]
    },
    {
        "id": "865185755e7e7166",
        "type": "ui_gauge",
        "z": "a710ccbb7ffbf644",
        "name": "co2 ",
        "group": "c801b3cabb27f4f5",
        "order": 1,
        "width": 0,
        "height": 0,
        "gtype": "gage",
        "title": "co2 E105",
        "label": "ppm",
        "format": "{{value}}",
        "min": 0,
        "max": "1000",
        "colors": [
            "#00b500",
            "#e6e600",
            "#ca3838"
        ],
        "seg1": "250",
        "seg2": "750",
        "diff": false,
        "className": "",
        "x": 810,
        "y": 620,
        "wires": []
    },
    {
        "id": "398b58013c5cf14c",
        "type": "function",
        "z": "a710ccbb7ffbf644",
        "name": "co2 E105",
        "func": "msg.payload=msg.payload[0].co2;\nreturn msg;",
        "outputs": 1,
        "noerr": 0,
        "initialize": "",
        "finalize": "",
        "libs": [],
        "x": 620,
        "y": 660,
        "wires": [
            [
                "865185755e7e7166",
                "e4cc4d5fd7620e51",
                "d4afb8c6ec477a70"
            ]
        ]
    },
    {
        "id": "e4cc4d5fd7620e51",
        "type": "debug",
        "z": "a710ccbb7ffbf644",
        "name": "debug co2",
        "active": true,
        "tosidebar": true,
        "console": false,
        "tostatus": false,
        "complete": "true",
        "targetType": "full",
        "statusVal": "",
        "statusType": "auto",
        "x": 830,
        "y": 700,
        "wires": []
    },
    {
        "id": "d4afb8c6ec477a70",
        "type": "influxdb out",
        "z": "a710ccbb7ffbf644",
        "influxdb": "6e150f90a92954ab",
        "name": "capteur co2",
        "measurement": "co2,building=E,room=E105",
        "precision": "",
        "retentionPolicy": "",
        "database": "database",
        "precisionV18FluxV20": "ms",
        "retentionPolicyV18Flux": "",
        "org": "organisation",
        "bucket": "bucket",
        "x": 830,
        "y": 660,
        "wires": []
    },
    {
        "id": "f08f406fc1ba0f70",
        "type": "influxdb out",
        "z": "a710ccbb7ffbf644",
        "influxdb": "6e150f90a92954ab",
        "name": "capteur humidity",
        "measurement": "humidity,building=E,room=E105",
        "precision": "",
        "retentionPolicy": "",
        "database": "database",
        "precisionV18FluxV20": "ms",
        "retentionPolicyV18Flux": "",
        "org": "organisation",
        "bucket": "bucket",
        "x": 840,
        "y": 900,
        "wires": []
    },
    {
        "id": "9547b00839c0c5b5",
        "type": "function",
        "z": "a710ccbb7ffbf644",
        "name": "temp E105",
        "func": "msg.payload = msg.payload[0].temperature;\nreturn msg;",
        "outputs": 1,
        "noerr": 0,
        "initialize": "",
        "finalize": "",
        "libs": [],
        "x": 610,
        "y": 780,
        "wires": [
            [
                "a3b0b2f5ff4bd7f1",
                "c7196c0931826ed7",
                "7984fdbfe0625f9c"
            ]
        ]
    },
    {
        "id": "5cacc18029beb5b5",
        "type": "function",
        "z": "a710ccbb7ffbf644",
        "name": "humidity E105",
        "func": "msg.payload = msg.payload[0].humidity;\nreturn msg;",
        "outputs": 1,
        "noerr": 0,
        "initialize": "",
        "finalize": "",
        "libs": [],
        "x": 600,
        "y": 900,
        "wires": [
            [
                "0331d204fba9c7fb",
                "f08f406fc1ba0f70",
                "aea3580fb86b18bf"
            ]
        ]
    },
    {
        "id": "c7196c0931826ed7",
        "type": "debug",
        "z": "a710ccbb7ffbf644",
        "name": "debug temp",
        "active": true,
        "tosidebar": true,
        "console": false,
        "tostatus": false,
        "complete": "true",
        "targetType": "full",
        "statusVal": "",
        "statusType": "auto",
        "x": 830,
        "y": 820,
        "wires": []
    },
    {
        "id": "a3b0b2f5ff4bd7f1",
        "type": "ui_gauge",
        "z": "a710ccbb7ffbf644",
        "name": "temp",
        "group": "c801b3cabb27f4f5",
        "order": 1,
        "width": 0,
        "height": 0,
        "gtype": "gage",
        "title": "temperature E105",
        "label": "°C",
        "format": "{{value}}",
        "min": 0,
        "max": "30",
        "colors": [
            "#00b500",
            "#e6e600",
            "#ca3838"
        ],
        "seg1": "10",
        "seg2": "20",
        "diff": false,
        "className": "",
        "x": 810,
        "y": 740,
        "wires": []
    },
    {
        "id": "0331d204fba9c7fb",
        "type": "ui_gauge",
        "z": "a710ccbb7ffbf644",
        "name": "humidity",
        "group": "c801b3cabb27f4f5",
        "order": 2,
        "width": 0,
        "height": 0,
        "gtype": "gage",
        "title": "humidity E105",
        "label": "%",
        "format": "{{value}}",
        "min": 0,
        "max": "100",
        "colors": [
            "#00b500",
            "#e6e600",
            "#ca3838"
        ],
        "seg1": "25",
        "seg2": "75",
        "diff": false,
        "className": "",
        "x": 820,
        "y": 860,
        "wires": []
    },
    {
        "id": "aea3580fb86b18bf",
        "type": "debug",
        "z": "a710ccbb7ffbf644",
        "name": "debug humidity",
        "active": true,
        "tosidebar": true,
        "console": false,
        "tostatus": false,
        "complete": "true",
        "targetType": "full",
        "statusVal": "",
        "statusType": "auto",
        "x": 840,
        "y": 940,
        "wires": []
    },
    {
        "id": "71e0bf854e13311f",
        "type": "ui_gauge",
        "z": "a710ccbb7ffbf644",
        "name": "co2 ",
        "group": "c801b3cabb27f4f5",
        "order": 1,
        "width": 0,
        "height": 0,
        "gtype": "gage",
        "title": "co2 B109",
        "label": "ppm",
        "format": "{{value}}",
        "min": 0,
        "max": "1000",
        "colors": [
            "#00b500",
            "#e6e600",
            "#ca3838"
        ],
        "seg1": "250",
        "seg2": "750",
        "diff": false,
        "className": "",
        "x": 1090,
        "y": 980,
        "wires": []
    },
    {
        "id": "1ebeaddced1ad527",
        "type": "function",
        "z": "a710ccbb7ffbf644",
        "name": "co2 B109",
        "func": "msg.payload=msg.payload[0].co2;\nreturn msg;",
        "outputs": 1,
        "noerr": 0,
        "initialize": "",
        "finalize": "",
        "libs": [],
        "x": 840,
        "y": 1020,
        "wires": [
            [
                "71e0bf854e13311f",
                "c84e241a2d8ecdb0",
                "7e9081de82165869"
            ]
        ]
    },
    {
        "id": "c84e241a2d8ecdb0",
        "type": "debug",
        "z": "a710ccbb7ffbf644",
        "name": "debug co2",
        "active": true,
        "tosidebar": true,
        "console": false,
        "tostatus": false,
        "complete": "true",
        "targetType": "full",
        "statusVal": "",
        "statusType": "auto",
        "x": 1110,
        "y": 1060,
        "wires": []
    },
    {
        "id": "7e9081de82165869",
        "type": "influxdb out",
        "z": "a710ccbb7ffbf644",
        "influxdb": "6e150f90a92954ab",
        "name": "capteur co2",
        "measurement": "co2,building=B,room=B109",
        "precision": "",
        "retentionPolicy": "",
        "database": "database",
        "precisionV18FluxV20": "ms",
        "retentionPolicyV18Flux": "",
        "org": "organisation",
        "bucket": "bucket",
        "x": 1110,
        "y": 1020,
        "wires": []
    },
    {
        "id": "7a2cac0a403eab88",
        "type": "influxdb out",
        "z": "a710ccbb7ffbf644",
        "influxdb": "6e150f90a92954ab",
        "name": "capteur humidity",
        "measurement": "humidity,building=B,room=B109",
        "precision": "",
        "retentionPolicy": "",
        "database": "database",
        "precisionV18FluxV20": "ms",
        "retentionPolicyV18Flux": "",
        "org": "organisation",
        "bucket": "bucket",
        "x": 1120,
        "y": 1260,
        "wires": []
    },
    {
        "id": "5a5f893cb472bd8a",
        "type": "influxdb out",
        "z": "a710ccbb7ffbf644",
        "influxdb": "6e150f90a92954ab",
        "name": "capteur temp",
        "measurement": "temperature,building=B,room=B109",
        "precision": "",
        "retentionPolicy": "",
        "database": "database",
        "precisionV18FluxV20": "ms",
        "retentionPolicyV18Flux": "",
        "org": "organisation",
        "bucket": "bucket",
        "x": 1110,
        "y": 1140,
        "wires": []
    },
    {
        "id": "4394290473984676",
        "type": "function",
        "z": "a710ccbb7ffbf644",
        "name": "temp B109",
        "func": "msg.payload = msg.payload[0].temperature;\nreturn msg;",
        "outputs": 1,
        "noerr": 0,
        "initialize": "",
        "finalize": "",
        "libs": [],
        "x": 850,
        "y": 1140,
        "wires": [
            [
                "6781f7372e9c559b",
                "5a5f893cb472bd8a",
                "1d8818cd062cef59"
            ]
        ]
    },
    {
        "id": "ec0657cad61fa316",
        "type": "function",
        "z": "a710ccbb7ffbf644",
        "name": "humidity B109",
        "func": "msg.payload = msg.payload[0].humidity;\nreturn msg;",
        "outputs": 1,
        "noerr": 0,
        "initialize": "",
        "finalize": "",
        "libs": [],
        "x": 860,
        "y": 1260,
        "wires": [
            [
                "63e8ad620edcf47c",
                "7a2cac0a403eab88",
                "0bd6a478ef6a7b05"
            ]
        ]
    },
    {
        "id": "1d8818cd062cef59",
        "type": "debug",
        "z": "a710ccbb7ffbf644",
        "name": "debug temp",
        "active": true,
        "tosidebar": true,
        "console": false,
        "tostatus": false,
        "complete": "true",
        "targetType": "full",
        "statusVal": "",
        "statusType": "auto",
        "x": 1110,
        "y": 1180,
        "wires": []
    },
    {
        "id": "6781f7372e9c559b",
        "type": "ui_gauge",
        "z": "a710ccbb7ffbf644",
        "name": "temp",
        "group": "c801b3cabb27f4f5",
        "order": 1,
        "width": 0,
        "height": 0,
        "gtype": "gage",
        "title": "temperature B109",
        "label": "°C",
        "format": "{{value}}",
        "min": 0,
        "max": "30",
        "colors": [
            "#00b500",
            "#e6e600",
            "#ca3838"
        ],
        "seg1": "10",
        "seg2": "20",
        "diff": false,
        "className": "",
        "x": 1090,
        "y": 1100,
        "wires": []
    },
    {
        "id": "63e8ad620edcf47c",
        "type": "ui_gauge",
        "z": "a710ccbb7ffbf644",
        "name": "humidity",
        "group": "c801b3cabb27f4f5",
        "order": 2,
        "width": 0,
        "height": 0,
        "gtype": "gage",
        "title": "humidity B109",
        "label": "%",
        "format": "{{value}}",
        "min": 0,
        "max": "100",
        "colors": [
            "#00b500",
            "#e6e600",
            "#ca3838"
        ],
        "seg1": "25",
        "seg2": "75",
        "diff": false,
        "className": "",
        "x": 1100,
        "y": 1220,
        "wires": []
    },
    {
        "id": "0bd6a478ef6a7b05",
        "type": "debug",
        "z": "a710ccbb7ffbf644",
        "name": "debug humidity",
        "active": true,
        "tosidebar": true,
        "console": false,
        "tostatus": false,
        "complete": "true",
        "targetType": "full",
        "statusVal": "",
        "statusType": "auto",
        "x": 1120,
        "y": 1300,
        "wires": []
    },
    {
        "id": "7984fdbfe0625f9c",
        "type": "influxdb out",
        "z": "a710ccbb7ffbf644",
        "influxdb": "6e150f90a92954ab",
        "name": "capteur temp",
        "measurement": "temperature,building=E,room=E105",
        "precision": "",
        "retentionPolicy": "",
        "database": "database",
        "precisionV18FluxV20": "ms",
        "retentionPolicyV18Flux": "",
        "org": "organisation",
        "bucket": "bucket",
        "x": 830,
        "y": 780,
        "wires": []
    },
    {
        "id": "484a32c969c38a95",
        "type": "mqtt-broker",
        "name": "",
        "broker": "mqtt.iut-blagnac.fr",
        "port": "1883",
        "clientid": "",
        "autoConnect": true,
        "usetls": false,
        "protocolVersion": "4",
        "keepalive": "60",
        "cleansession": true,
        "birthTopic": "",
        "birthQos": "0",
        "birthPayload": "",
        "birthMsg": {},
        "closeTopic": "",
        "closeQos": "0",
        "closePayload": "",
        "closeMsg": {},
        "willTopic": "",
        "willQos": "0",
        "willPayload": "",
        "willMsg": {},
        "userProps": "",
        "sessionExpiry": ""
    },
    {
        "id": "c801b3cabb27f4f5",
        "type": "ui_group",
        "name": "Capteurs : ",
        "tab": "11151854861d2cdf",
        "order": 1,
        "disp": true,
        "width": "6",
        "collapse": false,
        "className": ""
    },
    {
        "id": "6e150f90a92954ab",
        "type": "influxdb",
        "hostname": "172.20.0.2",
        "port": "8086",
        "protocol": "http",
        "database": "sae23",
        "name": "sae23",
        "usetls": false,
        "tls": "",
        "influxdbVersion": "1.x",
        "url": "http://localhost:8086",
        "rejectUnauthorized": true
    },
    {
        "id": "11151854861d2cdf",
        "type": "ui_tab",
        "name": "Bâtiments B et E",
        "icon": "dashboard",
        "disabled": false,
        "hidden": false
    }
]